"source_id","profile_conflict_class","class_notes"
"benefits-000a2a52","high_conflict_unavoidable","Child and marital status and deceased military parent are core eligibility conditions for CHAMPVA."
"benefits-0198296c","high_conflict_unavoidable","Unmarried status, citizenship, caregiving role, and child’s age/disability are core to Survivors Benefits eligibility."
"benefits-03590cc9","high_conflict_unavoidable","Permanent disability, inability to work, and public safety officer role are core to disability benefits eligibility."
"benefits-06a6b077","high_conflict_unavoidable","Being a sibling of a public safety officer killed in the line of duty is the central eligibility criterion."
"benefits-088d6f5f","high_conflict_unavoidable","Family relationship to a service member who died on active duty is the core eligibility basis."
"benefits-08d11d54","high_conflict_unavoidable","Widow status and spouse’s veteran status/discharge are the core conditions for the survivor pension."
"benefits-0af348eb","high_conflict_unavoidable","Prior active duty, honorable discharge, and service-connected disability define eligibility for these benefits."
"benefits-100678c1","high_conflict_unavoidable","Unmarried status, citizenship, caregiving role, child’s age, and deceased parent’s Social Security record are all eligibility criteria."
"benefits-12deb2f5","high_conflict_unavoidable","Age, citizenship, disability, work limitation, and limited resources directly determine SSI-child eligibility."
"benefits-14fa225b","high_conflict_unavoidable","Marital status, citizenship, child’s age, and other parent’s retirement status are the core determinants of eligibility."
"benefits-16529895","high_conflict_unavoidable","Citizenship, age range, and qualifying disability are exactly the Ticket to Work eligibility conditions."
"benefits-24bcc2c4","high_conflict_unavoidable","Spousal relationship to a retired service member and death during inactive-duty training define Survivor Benefit Plan eligibility."
"benefits-28a84b07","high_conflict_unavoidable","Being over 65, disabled, and low income/resources are the central Medicare Savings Program criteria."
"benefits-2a7157a5","high_conflict_unavoidable","Citizenship, age, Social Security contributions, and active military service all constitute TSP eligibility facts."
"benefits-2c5592c5","high_conflict_unavoidable","Being a US citizen under 65 directly frames the Medicare-with-retirement eligibility question."
"benefits-2dd0c756","high_conflict_unavoidable","Disability, active service, and non-service connection are exactly the conditions tested for Disability Compensation."
"benefits-2e7980c2","high_conflict_unavoidable","Spousal status and cause of the service member’s death are core eligibility conditions for survivor home loans."
"benefits-319f67a1","high_conflict_unavoidable","Being a child of a public safety officer killed in the line of duty is the fundamental eligibility fact."
"benefits-3440cdd3","high_conflict_unavoidable","Veteran status, honorable service, age, disability, and financial need all jointly define pension with disability eligibility."
"benefits-37ad5eb8","high_conflict_unavoidable","Disability, prior coal mining work, and absence of black lung are exactly the conditions being evaluated."
"benefits-3cd8acd0","high_conflict_unavoidable","Citizenship and being 65 or older are central to determining Medicare-with-retirement eligibility."
"benefits-3f4a6076","high_conflict_unavoidable","Retired status, age, disability, and deceased spouse’s service are all key CRDP eligibility attributes."
"benefits-406f050d","high_conflict_unavoidable","The relative’s non–tribal-member status directly determines eligibility for this tribal burial assistance."
"benefits-40a767bc","high_conflict_unavoidable","Disability, active service with honorable discharge, and non-service connection jointly define the eligibility being tested."
"benefits-40dcdf76","high_conflict_unavoidable","Spousal status, retired service member spouse, and pre-1978 death timing are core conditions for the annuity."
"benefits-455ab121","high_conflict_unavoidable","Age, marital status, disability, and parent’s benefit status are all core eligibility criteria for this benefit."
"benefits-47c3932e","high_conflict_unavoidable","Citizenship, age, and limited income/resources are core eligibility criteria for SSI."
"benefits-49c83ccc","high_conflict_unavoidable","Widowed status, age, citizenship, and spouse’s work history are core to determining survivor benefit eligibility."
"benefits-4cca5609","high_conflict_unavoidable","Marital status, citizenship, age, and spouse’s retirement-benefit status are core eligibility conditions for the spouse benefit."
"benefits-4e40e416","high_conflict_unavoidable","Child’s age, marital status, citizenship, and deceased parent’s work/tax history are core eligibility criteria."
"benefits-5080f712","high_conflict_unavoidable","Relationship to the veteran, payment of funeral costs, veteran’s service/discharge, cause and timing of death, and VA care are core to eligibility."
"benefits-520eb188","high_conflict_unavoidable","Marital status, citizenship, age, and spouse’s receipt of retirement benefits are core to the spouse disability insurance question."
"benefits-542e55e1","high_conflict_unavoidable","Citizenship, age, prior marriage, widowed status, disability, and spouse’s work history are all core eligibility attributes."
"benefits-5668d213","high_conflict_unavoidable","Veteran status, honorable service, age, and limited income/resources are core eligibility conditions for a veteran’s pension."
"benefits-56e0fb3e","high_conflict_unavoidable","Being the spouse of a public safety officer who died in the line of duty is itself the key eligibility attribute."
"benefits-575e1fa2","high_conflict_unavoidable","Age, disability, active-duty service, and retirement status are all core determinants of CRDP eligibility."
"benefits-57861a3a","high_conflict_unavoidable","Being the spouse of a qualifying veteran and the veteran’s non–active-duty status at death are central to burial-benefit eligibility."
"benefits-57b8ae97","high_conflict_unavoidable","Applicant’s and decedent’s citizenship, relationship, cause and place of death, and date of death are core eligibility criteria."
"benefits-57d6a634","high_conflict_unavoidable","Service-connected disability, active-duty service, and dishonorable discharge status are central to VR&E eligibility."
"benefits-58785bbd","high_conflict_unavoidable","Being only a close friend (not a qualifying relative/beneficiary) is itself the decisive eligibility attribute."
"benefits-5b58cce5","high_conflict_unavoidable","Citizenship, marital status, age, and spouse’s retirement-benefit status are all core to the spouse retirement benefit."
"benefits-623a9053","high_conflict_unavoidable","Veteran status, honorable discharge, and service-connected disability are core eligibility facts for VR&E."
"benefits-65c39140","high_conflict_unavoidable","Being a family member of a veteran with specified service and discharge is the central eligibility condition."
"benefits-672b6230","high_conflict_unavoidable","Child’s age, marital status, and parent’s honorable active-duty service are core eligibility criteria."
"benefits-68e14a57","high_conflict_unavoidable","Membership in an American Indian Tribe and limited income/resources are the defining eligibility attributes for FASS."
"benefits-6a962845","high_conflict_unavoidable","Child status, age, disability preventing work, and limited family income/resources are all core SSI-child eligibility facts."
"benefits-6e02b5cd","high_conflict_unavoidable","Citizenship, marital status, and caregiving for a deceased parent’s child under 16 are central to this parent benefit."
"benefits-7014519f","high_conflict_unavoidable","Being the child of a service member who died on active duty with honorable discharge is the key eligibility condition."
"benefits-73a08b19","high_conflict_unavoidable","Age, citizenship, and the parent’s non-receipt of benefits are core determinants of eligibility for this child retirement benefit."
"benefits-748c5deb","high_conflict_unavoidable","Decedent’s membership in a federally recognized American Indian Tribe is a central eligibility fact for this burial assistance."
"benefits-7620a50c","high_conflict_unavoidable","Citizenship, work history paying Social Security taxes, and qualifying disability duration are exactly the SSDI eligibility criteria."
"benefits-76701f93","high_conflict_unavoidable","Sibling relationship to deceased worker and their tax-paying work history are core to Lump-Sum Death Benefit eligibility."
"benefits-79d2c08a","high_conflict_unavoidable","Being the deceased veteran’s spouse, having paid funeral expenses, discharge status, and time since death determine Veterans Burial Allowance eligibility."
"benefits-7a4d24e0","high_conflict_unavoidable","Marital status, age, citizenship, and spouse’s disability benefits are the conditions for SSDI for spouse eligibility."
"benefits-860333c0","high_conflict_unavoidable","Being an unmarried child under 18, citizenship, and parent receiving retirement benefits are the exact criteria for Retirement Benefits for Child."
"benefits-872fe4d8","high_conflict_unavoidable","Spousal relationship, deceased’s work and tax history, and recency of death are central to Lump-Sum Death Benefit eligibility."
"benefits-8746d5f3","high_conflict_unavoidable","Age under 62, citizenship, and own Social Security work history are the specific determinants of retirement benefit eligibility."
"benefits-89227453","high_conflict_unavoidable","Retired veteran status and service-connected disability are the defining eligibility criteria for CRSC."
"benefits-8a28593e","high_conflict_unavoidable","Age, citizenship, parent’s work/tax history, and death are essential for survivors benefits for a child with disabilities."
"benefits-8b797eec","high_conflict_unavoidable","Age over 65, citizenship, and limited income/resources are the core SSI for adults eligibility determinants."
"benefits-8d21d620","high_conflict_unavoidable","Being a fiancé of a deceased active-duty service member and death while on active duty directly define Death Gratuity eligibility."
"benefits-8ea9e3e1","high_conflict_unavoidable","Being a divorced former spouse and the veteran’s service/discharge status are central to Survivors Pension for spouse eligibility."
"benefits-929b78c4","high_conflict_unavoidable","Citizenship, age under 65, and disability preventing work for over a year are the Medicare with disability criteria."
"benefits-93971e0d","high_conflict_unavoidable","Citizenship, disability duration, and limited financial resources are the basis of SSI eligibility in the question."
"benefits-9e42abe0","high_conflict_unavoidable","Unmarried child status, under-18 age, citizenship, and deceased parent’s work history are the criteria for survivors benefits for a child with disabilities."
"benefits-9fb9acc7","high_conflict_unavoidable","Spousal relationship to retired service member and year of death are central to annuity for military surviving spouses eligibility."
"benefits-9fbe6a49","high_conflict_unavoidable","Sibling relationship, veteran’s service-related disability death, and discharge status define DIC eligibility."
"benefits-a1a08bbc","high_conflict_unavoidable","Spousal relationship and cause of death (black lung disease) are the defining criteria for coal miner survivor compensation."
"benefits-a77029a7","high_conflict_unavoidable","Age under 18, unmarried status, and parent not receiving benefits are central to SSDI for child disqualification/eligibility."
"benefits-a82c5099","high_conflict_unavoidable","Adult status, age under 65, citizenship, disability, and full-time work define Ticket to Work eligibility."
"benefits-a960031d","high_conflict_unavoidable","Adult unmarried status, citizenship, disability duration, and parent not receiving benefits are the SSDI for adult child criteria."
"benefits-aca6f6fb","high_conflict_unavoidable","Coal mining work history, black lung disease, and inability to work determine coal miner worker’s compensation eligibility."
"benefits-b6e9986f","high_conflict_unavoidable","Citizenship, relationship to deceased, cause of death (COVID-19), location, and date are exact eligibility factors for funeral assistance."
"benefits-b79256f7","high_conflict_unavoidable","Veteran status, age, disability, income/resources, and lack of active duty service are core to veterans pension with disability eligibility."
"benefits-b93ff6e6","high_conflict_unavoidable","Sibling relationship to deceased veteran, military service, and discharge status are central to life insurance for survivors of veterans eligibility."
"benefits-bb1f2f91","high_conflict_unavoidable","Spouse status, veteran’s cause of death, and remarriage are the core eligibility criteria for CHAMPVA and cannot be softened."
"benefits-bdce5220","high_conflict_unavoidable","Being the spouse of a veteran who died from a service-related illness is the core eligibility condition for DIC."
"benefits-bf0c3250","high_conflict_unavoidable","Limited income/resources and non–tribal/non–Alaska Native status are the core determinants for FASS eligibility."
"benefits-c0e0d2dc","high_conflict_unavoidable","US citizenship, disability duration, and lack of Social Security-taxed earnings are exactly the SSDI eligibility inputs."
"benefits-c1948f02","high_conflict_unavoidable","Being under 65, disabled, and having limited income/resources are the decisive criteria for MSP."
"benefits-c8c6e653","high_conflict_unavoidable","Service-connected disability and current military service status are the core criteria for CRSC."
"benefits-c9ccf0dc","high_conflict_unavoidable","Being a family member of a service member who died on active duty is the fundamental basis for Death Gratuity."
"benefits-cb350b2a","high_conflict_unavoidable","Unmarried status, US citizenship, caregiving for a disabled child, and deceased other parent are all core SSDI-for-parents criteria."
"benefits-ce39fd27","high_conflict_unavoidable","Being an adult child of a veteran who died from a service-related illness is central to the survivor home loan program."
"benefits-ce4fdc04","high_conflict_unavoidable","US citizenship, age-related disability duration, and limited income/resources are exactly the SSI eligibility factors."
"benefits-d50d8e78","high_conflict_unavoidable","Veteran status and having a service-connected disability are the defining requirements for VA disability compensation."
"benefits-d81251e3","high_conflict_unavoidable","Adult, unmarried US citizenship, disability duration, and parent’s retirement benefits are all core to this benefit’s rules."
"benefits-dd3ada77","high_conflict_unavoidable","Being the spouse of a coal miner who died from a mining accident is the key eligibility basis for this compensation."
"benefits-dd7651d7","high_conflict_unavoidable","Sibling relationship to a service member who died on active duty is central to the Survivor Benefit Plan question."
"benefits-e4c5cb2e","high_conflict_unavoidable","US citizenship, age 65+, and disability preventing work are the direct inputs to the Medicare-with-disability decision."
"benefits-e8f1bcd6","high_conflict_unavoidable","Age, prior active military service, and having paid Social Security taxes determine TSP-related eligibility here."
"benefits-eb075ba1","high_conflict_unavoidable","Veteran status, age, income/resources, and dishonorable discharge are all decisive for Veterans Pension eligibility."
"benefits-f06ef1fc","high_conflict_unavoidable","Being a public safety officer, catastrophic line-of-duty injury, and disability duration are the key eligibility factors."
"benefits-f33b30f9","high_conflict_unavoidable","Unmarried status, US citizenship, under-18 age, and parent’s retirement benefits are core SSDI-for-child criteria."
"benefits-f61e9876","high_conflict_unavoidable","Adult US citizenship, child status, unmarried status, and deceased parent with Social Security work history define this benefit."
"benefits-f6a104c7","high_conflict_unavoidable","Marital status, US citizenship, child’s age, and deceased other parent are all central SSDI-for-parents criteria."
"benefits-fa68ad9c","high_conflict_unavoidable","Unmarried adult status, disability duration, and parent’s retirement benefits are the essential eligibility conditions."
"benefits-fc38b562","high_conflict_unavoidable","Sibling relationship and service-related death of the service member are the basis for survivor GI Bill eligibility."
"benefits-fd1e9a20","high_conflict_unavoidable","Child status with disabilities, parent’s dishonorable discharge, and military service are core to survivor pension rules."
"benefits-fdd715f0","high_conflict_unavoidable","Age over 62, work history with Social Security taxes, and US citizenship directly determine retirement benefit eligibility."
"legal-llama3-0194231b","high_conflict_fixable","Residence in Camden, Maine sets jurisdiction but can be reframed as current location."
"legal-llama3-084ec690","high_conflict_fixable","Residence in Honolulu, Hawaii sets jurisdiction but can be reframed as current location."
"legal-llama3-0aab2ad1","high_conflict_fixable","Residence in Charleston, West Virginia sets jurisdiction but can be reframed as current location."
"legal-llama3-0cae93b4","high_conflict_fixable","Residence in Hanalei, Hawaii sets jurisdiction but can be reframed as current location."
"legal-llama3-0df09448","high_conflict_fixable","Residence in Little Rock, Arkansas sets jurisdiction but can be reframed as current location."
"legal-llama3-0f599590","high_conflict_fixable","Residence in Monroeville, Alabama sets jurisdiction but can be reframed as current location."
"legal-llama3-11c7cdfa","high_conflict_fixable","Residence in Hanalei, Hawaii sets jurisdiction but can be reframed as current location."
"legal-llama3-11ff3e5f","high_conflict_fixable","Residence in Phoenix, Arizona sets jurisdiction but can be reframed as current location."
"legal-llama3-1217d148","high_conflict_fixable","Residence in Hanalei, Hawaii sets jurisdiction but can be reframed as current location."
"legal-llama3-1228e1d4","high_conflict_fixable","Residence in Portland, Maine sets jurisdiction but can be reframed as current location."
"legal-llama3-16acaf1c","high_conflict_fixable","Residence in Buffalo, Wyoming sets jurisdiction but can be reframed as current location."
"legal-llama3-1843e680","high_conflict_fixable","Residence in Charleston, West Virginia sets jurisdiction but can be reframed as current location."
"legal-llama3-19a70fd1","high_conflict_fixable","Residence in Carmel-by-the-Sea, California sets jurisdiction but can be reframed as current location."
"legal-llama3-1d1d3412","high_conflict_fixable","Residence in Newark, New Jersey sets jurisdiction but can be reframed as current location."
"legal-llama3-246a63f6","high_conflict_fixable","Residence in Little Rock, Arkansas sets jurisdiction but can be reframed as current location."
"legal-llama3-2640e1c8","high_conflict_fixable","Residence in Birmingham, Alabama sets jurisdiction but can be reframed as current location."
"legal-llama3-297d6a9c","high_conflict_fixable","Residence in New York City, New York sets jurisdiction but can be reframed as current location."
"legal-llama3-2e482ec0","high_conflict_fixable","Residence in Jackson, Mississippi sets jurisdiction but can be reframed as current location."
"legal-llama3-309ddd1c","high_conflict_fixable","Residence in Monroeville, Alabama sets jurisdiction but can be reframed as current location."
"legal-llama3-31fd6f0c","high_conflict_fixable","Residence in Medora, North Dakota sets jurisdiction but can be reframed as current location."
"legal-llama3-35624189","high_conflict_fixable","Residence in Carmel-by-the-Sea, California sets jurisdiction but can be reframed as current location."
"legal-llama3-35d22085","high_conflict_fixable","Residence in Camden, Maine sets jurisdiction but can be reframed as current location."
"legal-llama3-3bf66f8b","high_conflict_fixable","Residence in Jackson, Mississippi sets jurisdiction but can be reframed as current location."
"legal-llama3-3c4912b7","high_conflict_fixable","Residence in New Shoreham, Rhode Island sets jurisdiction but can be reframed as current location."
"legal-llama3-3c67e9fb","high_conflict_fixable","Residence in Honolulu, Hawaii sets jurisdiction but can be reframed as current location."
"legal-llama3-4267a788","high_conflict_fixable","Residence can be reframed as current location for jurisdiction."
"legal-llama3-43355ab3","high_conflict_fixable","Residence can be reframed as current location for jurisdiction."
"legal-llama3-43c494da","high_conflict_fixable","Residence can be reframed as current location for jurisdiction; employment status is incidental."
"legal-llama3-48a745b3","high_conflict_fixable","Residence can be reframed as current location for jurisdiction."
"legal-llama3-4a8cbb99","high_conflict_fixable","Residence can be reframed as current location for jurisdiction."
"legal-llama3-4a967175","high_conflict_fixable","Residence can be reframed as current location; employment relationship is incidental."
"legal-llama3-4cfd58c7","high_conflict_fixable","Residence can be reframed as current location; employment relationship is incidental."
"legal-llama3-51211d94","high_conflict_fixable","Residence can be reframed as current location for landlord-tenant jurisdiction."
"legal-llama3-52518a30","high_conflict_fixable","Residence can be reframed as current location; employment relationship is incidental."
"legal-llama3-54540016","high_conflict_fixable","Residence can be reframed as current location; religious clothing is situational."
"legal-llama3-56958896","high_conflict_fixable","Residence can be reframed as current location; debtor status is situational."
"legal-llama3-56d6ae0f","high_conflict_fixable","Residence can be reframed as current location; employment status is incidental."
"legal-llama3-56d94b72","high_conflict_fixable","Residence can be reframed as current location for jurisdiction."
"legal-llama3-60005e4e","high_conflict_fixable","Residence can be reframed as current location; seller status is incidental."
"legal-llama3-60db682b","high_conflict_fixable","Residence can be reframed as current location; debtor status is situational."
"legal-llama3-612b4e43","high_conflict_fixable","Residence can be reframed as current location; beliefs are incidental attributes."
"legal-llama3-63b2be69","high_conflict_fixable","Residence can be reframed as current location; tenant status is situational."
"legal-llama3-6981c309","high_conflict_fixable","Residence can be reframed as current location; wheelchair use can be framed as current condition or need for accessibility."
"legal-llama3-699a31da","high_conflict_fixable","Residence can be reframed as current location for criminal-law jurisdiction."
"legal-llama3-6b398625","high_conflict_fixable","Residence can be reframed as current location for local permit rules."
"legal-llama3-6bda97f7","high_conflict_fixable","Residence can be reframed as current location; employment status is incidental."
"legal-llama3-6c2eb69f","high_conflict_fixable","Residence can be reframed as current location; having children can be framed as current family situation."
"legal-llama3-6c7d387e","high_conflict_fixable","Residence can be reframed as current location; employment is incidental."
"legal-llama3-6e8d7e98","high_conflict_fixable","Residence can be reframed as current location; arrest is a transient event."
"legal-llama3-6f179eae","high_conflict_fixable","Residence can be reframed as current location for licensing jurisdiction."
"legal-llama3-72f07597","high_conflict_fixable","Residence in Newark, New Jersey sets jurisdiction but can be phrased as current location."
"legal-llama3-7907c362","high_conflict_fixable","Residence in Jackson, Mississippi sets jurisdiction but can be phrased as current location."
"legal-llama3-7bfe72d4","high_conflict_fixable","Residence in Joseph, Oregon sets jurisdiction but can be phrased as current location."
"legal-llama3-7c7c7081","high_conflict_fixable","Residence in Homer, Alaska sets jurisdiction but can be phrased as current location."
"legal-llama3-7c9aeccb","high_conflict_fixable","Residence in Oklahoma City, Oklahoma sets jurisdiction but can be phrased as current location."
"legal-llama3-813bf280","high_conflict_fixable","Residence in Phoenix, Arizona sets jurisdiction but can be phrased as current location."
"legal-llama3-8413bbd2","high_conflict_fixable","Residence in Berlin, Maryland sets jurisdiction but can be phrased as current location."
"legal-llama3-865f9e6a","high_conflict_fixable","Residence in Las Vegas, Nevada sets jurisdiction but can be phrased as current location."
"legal-llama3-8c360203","high_conflict_fixable","Residence in Phoenix, Arizona sets jurisdiction but can be phrased as current location."
"legal-llama3-91539426","high_conflict_fixable","Residence in Honolulu, Hawaii sets jurisdiction but can be phrased as current location."
"legal-llama3-92c55c04","high_conflict_fixable","Residence in Jackson, Mississippi sets jurisdiction but can be phrased as current location."
"legal-llama3-92fae2c1","high_conflict_fixable","Residence in Columbus, Ohio sets jurisdiction but can be phrased as current location."
"legal-llama3-95bf0973","high_conflict_fixable","Residence in Cheyenne, Wyoming sets jurisdiction but can be phrased as current location."
"legal-llama3-9a070a3f","high_conflict_fixable","Residence in Las Vegas, Nevada sets jurisdiction but can be phrased as current location."
"legal-llama3-9abc7782","high_conflict_fixable","Residence in Woodstock, Vermont sets jurisdiction but can be phrased as current location."
"legal-llama3-9b29414f","high_conflict_fixable","Residence in New York City, New York sets jurisdiction but can be phrased as current location."
"legal-llama3-9e9e7ded","high_conflict_fixable","Residence in Birmingham, Alabama sets jurisdiction but can be phrased as current location."
"legal-llama3-a01c5dc0","high_conflict_fixable","Residence in Newark, New Jersey sets jurisdiction but can be phrased as current location."
"legal-llama3-a1ee88eb","high_conflict_fixable","Residence in Monroeville, Alabama sets jurisdiction but can be phrased as current location."
"legal-llama3-a4c0aa94","high_conflict_fixable","Residence in Sioux Falls, South Dakota sets jurisdiction but can be phrased as current location."
"legal-llama3-aa733a6a","high_conflict_fixable","Residence in Jackson, Mississippi sets jurisdiction but can be phrased as current location."
"legal-llama3-b396bddc","high_conflict_fixable","Residence in Charlotte, North Carolina sets jurisdiction but can be phrased as current location."
"legal-llama3-b7f80224","high_conflict_fixable","Residence in Providence, Rhode Island sets jurisdiction but can be phrased as current location."
"legal-llama3-b8b3c534","high_conflict_fixable","Residence in Chicago, Illinois sets jurisdiction but can be phrased as current location."
"legal-llama3-b9d2fe82","high_conflict_fixable","Residence in Woodstock, Vermont sets jurisdiction but can be phrased as current location."
"legal-llama3-c09acecd","high_conflict_fixable","Residence in Wallace, Idaho can be reframed as current location to set jurisdiction."
"legal-llama3-c0e67885","high_conflict_fixable","Residence in Bridgeport, Connecticut can be reframed as current location to set jurisdiction."
"legal-llama3-c47ffa35","high_conflict_fixable","Residence in Charlotte, North Carolina can be reframed as current location to set jurisdiction."
"legal-llama3-c68dfa5c","high_conflict_fixable","Residence in Honolulu, Hawaii can be reframed as current location to set jurisdiction."
"legal-llama3-c6a6a3af","high_conflict_fixable","Residence in Los Angeles, California can be reframed as current location to set jurisdiction."
"legal-llama3-c7f3c471","high_conflict_fixable","Residence in Denver, Colorado can be reframed as current location to set jurisdiction."
"legal-llama3-c83bcace","high_conflict_fixable","Residence in Abingdon, Virginia can be reframed as current location to set jurisdiction."
"legal-llama3-c8906bfd","high_conflict_fixable","Residence in Manchester, New Hampshire can be reframed as current location to set jurisdiction."
"legal-llama3-cf5af47f","high_conflict_fixable","Residence in Woodstock, Vermont can be reframed as current location to set jurisdiction."
"legal-llama3-d0c0ea1a","high_conflict_fixable","Residence in Buffalo, Wyoming can be reframed as current location to set jurisdiction."
"legal-llama3-d236a0d1","high_conflict_fixable","Residence in Honolulu, Hawaii can be reframed as current location to set jurisdiction."
"legal-llama3-d42d98d0","high_conflict_fixable","Residence in Berlin, Maryland can be reframed as current location to set jurisdiction."
"legal-llama3-d462e568","high_conflict_fixable","Residence in New York City, New York can be reframed as current location to set jurisdiction."
"legal-llama3-d67b398a","high_conflict_fixable","Residence in Nashville, Indiana can be reframed as current location to set jurisdiction."
"legal-llama3-dc025297","high_conflict_fixable","Residence in Cheyenne, Wyoming can be reframed as current location to set jurisdiction."
"legal-llama3-dcd920b0","high_conflict_fixable","Residence in Homer, Alaska can be reframed as current location to set jurisdiction."
"legal-llama3-df3fe91b","high_conflict_fixable","Residence in Medora, North Dakota can be reframed as current location to set jurisdiction."
"legal-llama3-df435e1f","high_conflict_fixable","Residence in Charlotte, North Carolina can be reframed as current location to set jurisdiction."
"legal-llama3-e47d3c05","high_conflict_fixable","Residence in Hanalei, Hawaii can be reframed as current location to set jurisdiction."
"legal-llama3-e872be1a","high_conflict_fixable","Residence in Wichita, Kansas can be reframed as current location to set jurisdiction."
"legal-llama3-f6b7508c","high_conflict_fixable","Residence in Homer, Alaska can be reframed as current location to set jurisdiction."
"legal-llama3-f74ea790","high_conflict_fixable","Residence in Manchester, New Hampshire can be reframed as current location to set jurisdiction."
"legal-llama3-f95435d3","high_conflict_fixable","Residence in Las Vegas, Nevada can be reframed as current location to set jurisdiction."
"legal-llama3-ff80b143","high_conflict_fixable","Residence in Marfa, Texas can be reframed as current location to set jurisdiction."
"legal-llama3-ffcb96df","high_conflict_fixable","Residence in Buffalo, Wyoming can be reframed as current location to set jurisdiction."
"legal-qwen3-0052aab0","high_conflict_fixable","Residence in Deadwood, South Dakota sets jurisdiction but can be reframed as current location."
"legal-qwen3-01ee90cf","high_conflict_fixable","Residence in Minden, Nebraska sets jurisdiction but can be reframed as current location."
"legal-qwen3-03e54780","high_conflict_fixable","Residence in Leavenworth, Washington sets jurisdiction but can be reframed as current location."
"legal-qwen3-05003c13","high_conflict_fixable","Residence in Newark, New Jersey sets jurisdiction but can be reframed as current location."
"legal-qwen3-054c6417","high_conflict_fixable","Residence in Berlin, Maryland sets jurisdiction but can be reframed as current location."
"legal-qwen3-0b0a01de","high_conflict_fixable","Residence in Lindsborg, Kansas sets jurisdiction but can be reframed as current location."
"legal-qwen3-0c5f8713","high_conflict_fixable","Residence in Hanalei, Hawaii sets jurisdiction but can be reframed as current location."
"legal-qwen3-0f04c7ea","high_conflict_fixable","Residence in Chicago, Illinois sets jurisdiction but can be reframed as current location."
"legal-qwen3-10a2183b","high_conflict_fixable","Residence in Los Angeles, California sets jurisdiction but can be reframed as current location."
"legal-qwen3-11ff885f","high_conflict_fixable","Residence in Boise, Idaho sets jurisdiction but can be reframed as current location."
"legal-qwen3-1372c15d","high_conflict_fixable","Residence in Abingdon, Virginia sets jurisdiction but can be reframed as current location."
"legal-qwen3-1391c45b","high_conflict_fixable","Residence in Berlin, Maryland sets jurisdiction but can be reframed as current location."
"legal-qwen3-148fedc1","high_conflict_fixable","Residence in Mount Dora, Florida sets jurisdiction but can be reframed as current location."
"legal-qwen3-16bb9b5a","high_conflict_fixable","Residence in Manchester, New Hampshire sets jurisdiction but can be reframed as current location."
"legal-qwen3-19eea29b","high_conflict_fixable","Residence in Miami, Florida sets jurisdiction but can be reframed as current location; citizenship application is situational."
"legal-qwen3-24227e5d","high_conflict_fixable","Residence in Carmel-by-the-Sea, California sets jurisdiction but can be reframed as current location."
"legal-qwen3-2a554464","high_conflict_fixable","Residence in Los Angeles, California sets jurisdiction but can be reframed as current location."
"legal-qwen3-2e5daac2","high_conflict_fixable","Residence in Los Angeles, California sets jurisdiction but can be reframed as current location."
"legal-qwen3-30d170d1","high_conflict_fixable","Residence in Beaufort, North Carolina sets jurisdiction but can be reframed as current location."
"legal-qwen3-314f0096","high_conflict_fixable","Residence in Homer, Alaska sets jurisdiction but can be reframed as current location."
"legal-qwen3-320b328d","high_conflict_fixable","Residence in Berlin, Maryland sets jurisdiction but can be reframed as current location."
"legal-qwen3-36ece34b","high_conflict_fixable","Residence in Boston, Massachusetts sets jurisdiction but can be reframed as current location."
"legal-qwen3-3862ede3","high_conflict_fixable","Residence in Virginia Beach, Virginia sets jurisdiction but can be reframed as current location."
"legal-qwen3-3aab3b8c","high_conflict_fixable","Residence in Lindsborg, Kansas sets jurisdiction but can be reframed as current location."
"legal-qwen3-3c2ac24d","high_conflict_fixable","Residence in Homer, Alaska sets jurisdiction but can be reframed as current location."
"legal-qwen3-3c491e4c","high_conflict_fixable","Residence is stable but only sets jurisdiction and can be reframed as current location."
"legal-qwen3-3c49bd1d","high_conflict_fixable","Residence is stable but only sets jurisdiction and can be reframed as current location."
"legal-qwen3-3e1984f4","high_conflict_fixable","Residence is stable but only sets jurisdiction and can be reframed as current location."
"legal-qwen3-401a09da","high_conflict_fixable","Residence is stable but only sets jurisdiction and can be reframed as current location."
"legal-qwen3-41eaff07","high_conflict_fixable","Residence is stable but only sets jurisdiction and can be reframed as current location."
"legal-qwen3-420adee4","high_conflict_fixable","Residence is stable but only sets jurisdiction and can be reframed as current location."
"legal-qwen3-4506eb44","high_conflict_fixable","Residence is stable but only sets jurisdiction and can be reframed as current location; having children is incidental to the discrimination example."
"legal-qwen3-451bd9f6","high_conflict_fixable","Residence is stable but only sets jurisdiction and can be reframed as current location."
"legal-qwen3-4b90e6b7","high_conflict_fixable","Residence is stable but only sets jurisdiction and can be reframed as current location."
"legal-qwen3-4d2b79cf","high_conflict_fixable","Residence is stable but only sets jurisdiction and can be reframed as current location."
"legal-qwen3-4d71af94","high_conflict_fixable","Residence is stable but only sets jurisdiction and can be reframed as current location; race is incidental to the discrimination scenario."
"legal-qwen3-51cd1253","high_conflict_fixable","Residence is stable but only sets jurisdiction and can be reframed as current location."
"legal-qwen3-55eb9e71","high_conflict_fixable","Residence is stable but only sets jurisdiction and can be reframed as current location."
"legal-qwen3-567290d5","high_conflict_fixable","Residence is stable but only sets jurisdiction and can be reframed as current location."
"legal-qwen3-65d8ce1a","high_conflict_fixable","Residence is stable but only sets jurisdiction and can be reframed as current location."
"legal-qwen3-666ace83","high_conflict_fixable","Residence is stable but only sets jurisdiction and can be reframed as current location."
"legal-qwen3-6ad566d6","high_conflict_fixable","Residence is stable but only sets jurisdiction and can be reframed as current location."
"legal-qwen3-6da05606","high_conflict_fixable","Residence is stable but only sets jurisdiction and can be reframed as current location."
"legal-qwen3-6f5f3330","high_conflict_fixable","Residence is stable but only sets jurisdiction and can be reframed as current location."
"legal-qwen3-714c9387","high_conflict_fixable","Residence is stable but only sets jurisdiction and can be reframed as current location; immigration status is scenario-specific, not the account’s stable profile."
"legal-qwen3-73096dd9","high_conflict_fixable","Residence is stable but only sets jurisdiction and can be reframed as current location."
"legal-qwen3-7452a36d","high_conflict_fixable","Residence is stable but only sets jurisdiction and can be reframed as current location."
"legal-qwen3-751da911","high_conflict_fixable","Residence is stable but only sets jurisdiction and can be reframed as current location."
"legal-qwen3-797fd385","high_conflict_fixable","Residence and wheelchair use are stable facts but are only context for jurisdiction and disability-rights protection and can be reframed (e.g., currently in X, I use a wheelchair)."
"legal-qwen3-7a65db52","high_conflict_fixable","Residence is stable but only sets jurisdiction and can be reframed as current location."
"legal-qwen3-7b8cb5d5","high_conflict_fixable","Residence can be reframed as current location for jurisdiction."
"legal-qwen3-81c328b7","high_conflict_fixable","Residence can be reframed as current location for jurisdiction."
"legal-qwen3-82a59c35","high_conflict_fixable","Residence can be reframed as current location for jurisdiction about state law."
"legal-qwen3-86bf9a43","high_conflict_fixable","Residence can be reframed as current location for jurisdiction."
"legal-qwen3-86dbef89","high_conflict_fixable","Residence can be reframed as current location for jurisdiction over employment law."
"legal-qwen3-881bef94","high_conflict_fixable","Residence can be reframed as current location for jurisdiction over local law."
"legal-qwen3-8998e32d","high_conflict_fixable","Residence can be reframed as current location for jurisdiction over debt/consumer law."
"legal-qwen3-89a6612e","high_conflict_fixable","Residence can be reframed as current location for criminal/recording law jurisdiction."
"legal-qwen3-8b628827","high_conflict_fixable","Residence can be reframed as current location for city/park ordinance jurisdiction."
"legal-qwen3-8e359262","high_conflict_fixable","Residence can be reframed as current location for landlord-tenant law."
"legal-qwen3-8f0ca6e7","high_conflict_fixable","Residence can be reframed as current location for state consumer law."
"legal-qwen3-96f61834","high_conflict_fixable","Residence can be reframed as current location; TSA rules are federal but location mention is incidental."
"legal-qwen3-976fc752","high_conflict_fixable","Residence can be reframed as current location for hospital/emergency care law."
"legal-qwen3-a5b86935","high_conflict_fixable","Residence can be reframed as current location for workplace safety/retaliation law."
"legal-qwen3-a8511621","high_conflict_fixable","Residence can be reframed as current location for criminal procedure rights."
"legal-qwen3-aaa69fa1","high_conflict_fixable","Residence can be reframed as current location for interrogation law."
"legal-qwen3-ac668976","high_conflict_fixable","Residence can be reframed as current location for habitability standards."
"legal-qwen3-aee422a3","high_conflict_fixable","Residence can be reframed as current location for eviction/lease law."
"legal-qwen3-b24b7698","high_conflict_fixable","Residence can be reframed as current location for traffic/municipal code."
"legal-qwen3-b271b18c","high_conflict_fixable","Residence can be reframed as current location for employment discrimination law."
"legal-qwen3-b5348760","high_conflict_fixable","Residence can be reframed as current location for school vaccination law."
"legal-qwen3-b6d588a5","high_conflict_fixable","Residence can be reframed as current location for landlord-tenant law."
"legal-qwen3-b80942c0","high_conflict_fixable","Residence can be reframed as current location for habitability/tenant rights."
"legal-qwen3-c1494fed","high_conflict_fixable","Residence can be reframed as current location for consumer protection law."
"legal-qwen3-ca01a8c1","high_conflict_fixable","Residence can be reframed as current location for employment law jurisdiction."
"legal-qwen3-cab402df","high_conflict_fixable","Residence in Chicago, Illinois can be reframed as current location to set jurisdiction."
"legal-qwen3-ccd1fa9c","high_conflict_fixable","Residence in Bisbee, Arizona can be reframed as current location to set jurisdiction."
"legal-qwen3-cd928838","high_conflict_fixable","Residence in Las Vegas, Nevada can be reframed as current location to set jurisdiction."
"legal-qwen3-ce31d500","high_conflict_fixable","Residence in Nashville, Indiana can be reframed as current location to set jurisdiction."
"legal-qwen3-d5c83c5c","high_conflict_fixable","Residence in Nashville, Indiana can be reframed as current location to set jurisdiction."
"legal-qwen3-d7777011","high_conflict_fixable","Residence in Honolulu, Hawaii can be reframed as current location to set jurisdiction."
"legal-qwen3-da70ce69","high_conflict_fixable","Residence in Buffalo, Wyoming can be reframed as current location to set jurisdiction."
"legal-qwen3-db0e6dbd","high_conflict_fixable","Residence in Berlin, Maryland can be reframed as current location to set jurisdiction."
"legal-qwen3-db42a3ed","high_conflict_fixable","Residence in Birmingham, Alabama can be reframed as current location to set jurisdiction."
"legal-qwen3-de7b81f2","high_conflict_fixable","Residence in Boise, Idaho can be reframed as current location to set jurisdiction."
"legal-qwen3-e547ea91","high_conflict_fixable","Residence in Las Vegas, Nevada can be reframed as current location to set jurisdiction."
"legal-qwen3-e79da9fc","high_conflict_fixable","Residence in Burlington, Vermont can be reframed as current location to set jurisdiction."
"legal-qwen3-e84c9152","high_conflict_fixable","Residence in Homer, Alaska can be reframed as current location to set jurisdiction."
"legal-qwen3-eaebb4db","high_conflict_fixable","Residence in Lewes, Delaware can be reframed as current location to set jurisdiction."
"legal-qwen3-ecbd4bf0","high_conflict_fixable","Residence in Nashville, Indiana can be reframed as current location to set jurisdiction."
"legal-qwen3-eda2ddf3","high_conflict_fixable","Residence in Miami, Florida can be reframed as current location to set jurisdiction."
"legal-qwen3-edb4a972","high_conflict_fixable","Residence in Birmingham, Alabama can be reframed as current location to set jurisdiction."
"legal-qwen3-fb9d6ccb","high_conflict_fixable","Residence in Louisville, Kentucky can be reframed as current location; FMLA status is not personalized here."
"legal-qwen3-fbd8ddcf","high_conflict_fixable","Residence in Ely, Nevada can be reframed as current location to set jurisdiction."
"legal-qwen3-fd5fa8f7","high_conflict_fixable","Residence in Homer, Alaska can be reframed as current location to set jurisdiction."
"legal-qwen3-fddb5ba3","high_conflict_fixable","Residence in Berlin, Maryland can be reframed as current location to set jurisdiction."
"legal-qwen3-feceee03","high_conflict_fixable","Residence in Taos, New Mexico can be reframed as current location to set jurisdiction."
"medical-llama3-006dc073","low_conflict","Blurred vision for two days is a transient medical symptom, not a stable profile attribute."
"medical-llama3-0188d705","low_conflict","A swollen ankle for several days is a transient medical symptom, not a stable profile attribute."
"medical-llama3-01bfde52","low_conflict","Short-term memory loss for an hour is a transient medical symptom, not a stable profile attribute."
"medical-llama3-0656ff97","low_conflict","Transient symptom (24 hours of high blood pressure), not a stable profile attribute."
"medical-llama3-066e2364","low_conflict","Feeling hopeless is a current mental health symptom, not a stable attribute."
"medical-llama3-082ad39b","low_conflict","Ear pain for a few hours is an acute symptom."
"medical-llama3-0c4361b4","low_conflict","Nightmares for 24 hours is a transient condition."
"medical-llama3-0d66d85a","low_conflict","Cold hands and feet are current symptoms, not stable traits."
"medical-llama3-10a1e15d","low_conflict","Nausea for several hours is an acute symptom."
"medical-llama3-13e76ed6","low_conflict","Difficulty concentrating for a few hours is a transient symptom."
"medical-llama3-1540a27a","low_conflict","Stiff neck for an hour is an acute symptom."
"medical-llama3-155cb21b","low_conflict","Bloodshot eye for 24 hours is a short-term symptom."
"medical-llama3-185c01c3","low_conflict","Hallucinations are presented as current symptoms, not long-term traits."
"medical-llama3-18a067e2","low_conflict","Obsessive thoughts for an hour are transient in this framing."
"medical-llama3-1929f80e","low_conflict","Difficulty walking is a symptom; no stable demographic facts given."
"medical-llama3-19f7f468","low_conflict","Fast heart rate for a few days is still situational/acute."
"medical-llama3-1a0143c4","low_conflict","Dry eyes for an hour is an acute symptom."
"medical-llama3-1ba4a1d7","low_conflict","Flaky scalp for a few weeks is a condition but not a stable profile attribute like age or residence."
"medical-llama3-2174ef7d","low_conflict","Frequent infections for two days is framed as a short-term medical issue."
"medical-llama3-23205399","low_conflict","Night sweats for a few hours is an acute symptom."
"medical-llama3-253f09c4","low_conflict","Runny nose for a week is a transient symptom."
"medical-llama3-2d2ca737","low_conflict","Hearing loss for a week is presented as acute/recent, not a lifelong trait."
"medical-llama3-2d58c5ae","low_conflict","Low blood pressure for a few hours is an acute symptom."
"medical-llama3-2ee8947a","low_conflict","Peeling skin for 24 hours is a transient symptom."
"medical-llama3-2ef91adb","low_conflict","Pain while urinating for an hour is an acute symptom."
"medical-llama3-2fadfc0f","low_conflict","Dizziness for a few hours is a transient symptom."
"medical-llama3-313d97f9","low_conflict","Vivid dreams for 12 hours is a short-term symptom."
"medical-llama3-315bd46c","low_conflict","Shortness of breath for a few hours is an acute symptom."
"medical-llama3-34dfbac9","low_conflict","Transient symptom (sound sensitivity for a few hours), not a stable attribute."
"medical-llama3-39e1c70e","low_conflict","Having seizures is a medical condition, not a typical stable profile attribute like age or residence."
"medical-llama3-3da543ff","low_conflict","Paranoia for an hour is a situational symptom, not a stable profile fact."
"medical-llama3-4229a3d5","low_conflict","Loss of appetite for several hours is a transient symptom."
"medical-llama3-4867479e","low_conflict","Excessive salivation for a few minutes is an acute symptom."
"medical-llama3-492b0cca","low_conflict","Swollen lymph nodes for 24 hours is a short-term medical issue."
"medical-llama3-4a2e7786","low_conflict","Unexplained weight loss for two days is framed as a recent symptom, not long-term history."
"medical-llama3-4b3eda5e","low_conflict","Double vision for a few minutes is an acute symptom."
"medical-llama3-4b675e0d","low_conflict","Numbness in hands for a few hours is a transient symptom."
"medical-llama3-4e3c09b6","low_conflict","Compulsive behaviors for two days is presented as a short-term concern."
"medical-llama3-4f2bfe72","low_conflict","Leg swelling for several hours is a situational symptom."
"medical-llama3-4fa4ba4d","low_conflict","Slurred speech is a current medical symptom, not a stable profile field."
"medical-llama3-52aa4b3c","low_conflict","Chills for a few minutes is an acute symptom."
"medical-llama3-5533a714","low_conflict","Dry skin for a few hours is a transient condition."
"medical-llama3-5e678b91","low_conflict","Reduced sense of smell for an hour is an acute symptom."
"medical-llama3-6939e73e","low_conflict","Knee pain for several hours is a situational symptom."
"medical-llama3-6a2286df","low_conflict","Difficulty swallowing for a few days is a short-term symptom."
"medical-llama3-6ac2e79c","low_conflict","Difficulty sleeping for several days is a transient symptom."
"medical-llama3-6c32b1cb","low_conflict","Mood swings for a few hours is a situational symptom."
"medical-llama3-6fd59377","low_conflict","A nosebleed for an hour is an acute event."
"medical-llama3-70590e09","low_conflict","Sensitivity to light for 24 hours is a short-term symptom."
"medical-llama3-79296802","low_conflict","Blood in stool is a current medical symptom, not a stable profile attribute."
"medical-llama3-799913fa","low_conflict","Excessive thirst for several hours is a transient symptom."
"medical-llama3-79e2e8f0","low_conflict","Feeling restless for a few minutes is a situational state."
"medical-llama3-7a5f4635","low_conflict","Dry mouth for 24 hours is a short-term symptom."
"medical-llama3-7c217f2f","low_conflict",""
"medical-llama3-7e480238","low_conflict",""
"medical-llama3-7e762f96","low_conflict",""
"medical-llama3-80d88334","low_conflict",""
"medical-llama3-80ea7490","low_conflict",""
"medical-llama3-82a5e2c9","low_conflict",""
"medical-llama3-87e3ad8d","low_conflict",""
"medical-llama3-8ea7b3ba","low_conflict",""
"medical-llama3-90fc51ac","low_conflict",""
"medical-llama3-921919e6","low_conflict",""
"medical-llama3-9360b902","low_conflict",""
"medical-llama3-93f90220","low_conflict",""
"medical-llama3-94023ba0","low_conflict",""
"medical-llama3-95dd2e97","low_conflict",""
"medical-llama3-9860e4f1","low_conflict",""
"medical-llama3-9a612db3","low_conflict",""
"medical-llama3-9aa78ef5","low_conflict",""
"medical-llama3-a77a6580","low_conflict",""
"medical-llama3-aa2cf7d9","low_conflict",""
"medical-llama3-b002b267","low_conflict",""
"medical-llama3-b1f83a92","low_conflict",""
"medical-llama3-bb8961e9","low_conflict",""
"medical-llama3-bbf68138","low_conflict",""
"medical-llama3-bc0b40fa","low_conflict",""
"medical-llama3-c279b107","low_conflict",""
"medical-llama3-c57c8e31","low_conflict",""
"medical-llama3-c65133c5","low_conflict",""
"medical-llama3-cb243684","low_conflict",""
"medical-llama3-cd740f90","low_conflict",""
"medical-llama3-cf0d45ca","low_conflict",""
"medical-llama3-cf43c5f0","low_conflict",""
"medical-llama3-d117dc5b","low_conflict",""
"medical-llama3-d92e54c7","low_conflict",""
"medical-llama3-e6d77e34","low_conflict",""
"medical-llama3-ea398a47","low_conflict",""
"medical-llama3-ea58da55","low_conflict",""
"medical-llama3-eaca6e73","low_conflict",""
"medical-llama3-eafe1546","low_conflict",""
"medical-llama3-ec25e668","low_conflict",""
"medical-llama3-ef13717d","low_conflict",""
"medical-llama3-f0445517","low_conflict",""
"medical-llama3-f0c86133","low_conflict",""
"medical-llama3-f209cd62","low_conflict",""
"medical-llama3-f3ae40f4","low_conflict",""
"medical-llama3-f3e52f28","low_conflict",""
"medical-llama3-f3f9ba62","low_conflict",""
"medical-llama3-f4e7aa5f","low_conflict",""
"medical-llama3-f609c01b","low_conflict",""
"medical-llama3-fe99e2c3","low_conflict",""
"medical-qwen3-00113a05","low_conflict",""
"medical-qwen3-04296335","low_conflict",""
"medical-qwen3-0511fdb6","low_conflict",""
"medical-qwen3-0bb95901","low_conflict",""
"medical-qwen3-0c246406","low_conflict",""
"medical-qwen3-16afc01a","low_conflict",""
"medical-qwen3-1b0a1c0a","low_conflict",""
"medical-qwen3-1b8f0406","low_conflict",""
"medical-qwen3-1f25e53d","low_conflict",""
"medical-qwen3-209c101d","low_conflict",""
"medical-qwen3-29fd2e9d","low_conflict",""
"medical-qwen3-2f513fe2","low_conflict",""
"medical-qwen3-315468a1","low_conflict",""
"medical-qwen3-316d9cb6","low_conflict",""
"medical-qwen3-32011d11","low_conflict",""
"medical-qwen3-32020c29","low_conflict",""
"medical-qwen3-34b59539","low_conflict",""
"medical-qwen3-37f03433","low_conflict",""
"medical-qwen3-39684b62","low_conflict",""
"medical-qwen3-3cdfecd6","low_conflict",""
"medical-qwen3-3da7fa26","low_conflict",""
"medical-qwen3-407f4f5d","low_conflict",""
"medical-qwen3-430c08d4","low_conflict",""
"medical-qwen3-44c76229","low_conflict",""
"medical-qwen3-47b8efa1","low_conflict",""
"medical-qwen3-4c159c9f","low_conflict",""
"medical-qwen3-5279b59b","low_conflict",""
"medical-qwen3-549809c3","low_conflict",""
"medical-qwen3-57892e57","low_conflict",""
"medical-qwen3-5f9c1e7f","low_conflict",""
"medical-qwen3-614bd69d","low_conflict",""
"medical-qwen3-698ffb84","low_conflict",""
"medical-qwen3-6b27a7b5","low_conflict",""
"medical-qwen3-6e911425","low_conflict",""
"medical-qwen3-73386b18","low_conflict",""
"medical-qwen3-73b86780","low_conflict",""
"medical-qwen3-73ca28c5","low_conflict",""
"medical-qwen3-74cdfc6f","low_conflict",""
"medical-qwen3-74ec5746","low_conflict",""
"medical-qwen3-75f94a76","low_conflict",""
"medical-qwen3-774b3e27","low_conflict",""
"medical-qwen3-7824169b","low_conflict",""
"medical-qwen3-78edf74e","low_conflict",""
"medical-qwen3-7998f2f1","low_conflict",""
"medical-qwen3-8623c69b","low_conflict",""
"medical-qwen3-89daa1bf","low_conflict",""
"medical-qwen3-8c9f8f69","low_conflict",""
"medical-qwen3-8cd82d29","low_conflict",""
"medical-qwen3-8e45a727","low_conflict",""
"medical-qwen3-9249a3b2","low_conflict",""
"medical-qwen3-93b211a2","low_conflict",""
"medical-qwen3-9617a10c","low_conflict",""
"medical-qwen3-97aa5077","low_conflict",""
"medical-qwen3-9886d3b4","low_conflict",""
"medical-qwen3-9a935be6","low_conflict",""
"medical-qwen3-a16add1c","low_conflict",""
"medical-qwen3-a195ddcb","low_conflict",""
"medical-qwen3-a4069687","low_conflict",""
"medical-qwen3-a5ae2e8d","low_conflict",""
"medical-qwen3-ab8f1d7f","low_conflict",""
"medical-qwen3-ac560bf3","low_conflict",""
"medical-qwen3-ad2bc013","low_conflict",""
"medical-qwen3-ad47680e","low_conflict",""
"medical-qwen3-ae300c8e","low_conflict",""
"medical-qwen3-b212c58f","low_conflict",""
"medical-qwen3-c44b2a66","low_conflict",""
"medical-qwen3-c5b24a0f","low_conflict",""
"medical-qwen3-c65e56e7","low_conflict",""
"medical-qwen3-c7ec1bb5","low_conflict",""
"medical-qwen3-c8e3c181","low_conflict",""
"medical-qwen3-ca3d61cb","low_conflict",""
"medical-qwen3-cbe71fa7","low_conflict",""
"medical-qwen3-cdfed5c7","low_conflict",""
"medical-qwen3-cebc49dd","low_conflict",""
"medical-qwen3-d07332e6","low_conflict",""
"medical-qwen3-d084e7d3","low_conflict",""
"medical-qwen3-d9e4a2ea","low_conflict",""
"medical-qwen3-d9f6cc2c","low_conflict",""
"medical-qwen3-da4ea24e","low_conflict",""
"medical-qwen3-db86eadc","low_conflict",""
"medical-qwen3-dcc04e07","low_conflict",""
"medical-qwen3-dd6c4ba5","low_conflict",""
"medical-qwen3-dddf6351","low_conflict",""
"medical-qwen3-e57094e7","low_conflict",""
"medical-qwen3-e682b9eb","low_conflict",""
"medical-qwen3-e6cbda43","low_conflict",""
"medical-qwen3-eb5287b8","low_conflict",""
"medical-qwen3-ebebab79","low_conflict",""
"medical-qwen3-f06ae863","low_conflict",""
"medical-qwen3-f53c5899","low_conflict",""
"medical-qwen3-f5b39e14","low_conflict",""
"medical-qwen3-fece82ea","low_conflict",""
"medical-qwen3-ffd5243e","low_conflict",""
"political-00f6e09c","low_conflict",""
"political-0174495f","low_conflict",""
"political-057f25cb","low_conflict",""
"political-0591d8a7","low_conflict",""
"political-0687ed64","low_conflict",""
"political-06f19417","low_conflict",""
"political-08bcaf30","low_conflict",""
"political-09fa7c0e","low_conflict",""
"political-0c82370d","low_conflict",""
"political-0d02038a","low_conflict",""
"political-0e24e05a","low_conflict",""
"political-0e79c83d","low_conflict",""
"political-10ace89a","low_conflict",""
"political-124d23bb","low_conflict",""
"political-16ec688e","low_conflict",""
"political-19fba104","low_conflict",""
"political-1ad7833c","low_conflict",""
"political-1ae81f87","low_conflict",""
"political-1b7f3814","low_conflict",""
"political-1db4d546","low_conflict",""
"political-204667d5","low_conflict",""
"political-208ace00","low_conflict",""
"political-222d1538","low_conflict",""
"political-2f429cd2","low_conflict",""
"political-3710d397","low_conflict",""
"political-378f436e","low_conflict",""
"political-3a919977","low_conflict",""
"political-3dc25a3b","low_conflict",""
"political-3ff46ed5","low_conflict",""
"political-3ffaea42","low_conflict",""
"political-428b063e","low_conflict",""
"political-44bc9383","low_conflict",""
"political-46313f5e","low_conflict",""
"political-466c3ffc","low_conflict",""
"political-494ae609","low_conflict",""
"political-49d43271","low_conflict",""
"political-4ed299a0","low_conflict",""
"political-4f645d48","low_conflict",""
"political-505723dc","low_conflict",""
"political-50877e8a","low_conflict",""
"political-51c96c70","low_conflict",""
"political-52065cff","low_conflict",""
"political-53b4a79e","low_conflict",""
"political-541e5243","low_conflict",""
"political-5a953ef3","low_conflict",""
"political-5d04166d","low_conflict",""
"political-5db2cbcc","low_conflict",""
"political-5e96a3c3","low_conflict",""
"political-5eb51b7a","low_conflict",""
"political-61f4f74a","low_conflict",""
"political-62cf8033","low_conflict",""
"political-6322fef9","low_conflict",""
"political-68a33b43","low_conflict",""
"political-6cc0c0b8","low_conflict",""
"political-6d5f8c93","low_conflict",""
"political-6ec87846","low_conflict",""
"political-718bf45d","low_conflict",""
"political-72e5b7ac","low_conflict",""
"political-7351ae19","low_conflict",""
"political-739a7020","low_conflict",""
"political-75efe81e","low_conflict",""
"political-7c0dcce4","low_conflict",""
"political-7cb5a0a3","low_conflict",""
"political-831eb341","low_conflict",""
"political-85e23d85","low_conflict",""
"political-87d666cd","low_conflict",""
"political-8938ee34","low_conflict",""
"political-8bb3c835","low_conflict",""
"political-8be517f5","low_conflict",""
"political-8c59e570","low_conflict",""
"political-8e8e5673","low_conflict",""
"political-8f08df92","low_conflict",""
"political-8f39f3b3","low_conflict",""
"political-8fa80433","low_conflict",""
"political-90454751","low_conflict",""
"political-90692a0a","low_conflict",""
"political-90bb1eaa","low_conflict",""
"political-948251a9","low_conflict",""
"political-94a89a42","low_conflict",""
"political-96ab091a","low_conflict",""
"political-985afca7","low_conflict",""
"political-9cd7496e","low_conflict",""
"political-9eb59127","low_conflict",""
"political-a05ad287","low_conflict",""
"political-a06872e0","low_conflict",""
"political-a59fc623","low_conflict",""
"political-a6312f5d","low_conflict",""
"political-a63b09bf","low_conflict",""
"political-a72af265","low_conflict",""
"political-a91b469a","low_conflict",""
"political-ac8bd76a","low_conflict",""
"political-ad95f076","low_conflict",""
"political-aed99975","low_conflict",""
"political-b02c9a49","low_conflict",""
"political-b63ad11c","low_conflict",""
"political-bd21c1f6","low_conflict",""
"political-be44d19e","low_conflict",""
"political-c378f453","low_conflict",""
"political-c3ff9748","low_conflict",""
"political-c4f6beec","low_conflict",""
"political-c5323b05","low_conflict",""
"political-c73322d8","low_conflict",""
"political-c8a38626","low_conflict",""
"political-cd321bde","low_conflict",""
"political-ce9355e1","low_conflict",""
"political-cf7aea69","low_conflict",""
"political-d16da9ef","low_conflict",""
"political-d43b678d","low_conflict",""
"political-d5ae2f61","low_conflict",""
"political-d71ba462","low_conflict",""
"political-daffcf32","low_conflict",""
"political-db844d15","low_conflict",""
"political-dcf8958f","low_conflict",""
"political-de4f1b1c","low_conflict",""
"political-e0229571","low_conflict",""
"political-e09366af","low_conflict",""
"political-e1470135","low_conflict",""
"political-e17dcdb2","low_conflict",""
"political-e51074ee","low_conflict",""
"political-e6e2e39f","low_conflict",""
"political-e969a303","low_conflict",""
"political-ebb1ad68","low_conflict",""
"political-ed9a9865","low_conflict",""
"political-ede1211c","low_conflict",""
"political-f13c0c5f","low_conflict",""
"political-f3a15efa","low_conflict",""
"political-f7b6eccd","low_conflict",""
"political-f94a81f8","low_conflict",""
"political-fb2c3cb0","low_conflict",""
"political-fce9d5a4","low_conflict",""
"political-ff6ff71b","low_conflict",""
"political-ffac16ce","low_conflict",""
